customer_id,customer_name,email,registration_date,customer_type
1,Troy Porter,vaughanmonica@example.net,2024-09-13,REGULAR
2,Elizabeth Howell,katherine01@example.org,2025-01-31,PREMIUM
3,Allison Adkins,oguerra@example.org,2024-05-23,VIP
4,April Simon,lrubio@example.com,2026-06-10,VIP
5,Alex Mcmahon,jimenezjoshua@example.org,2026-04-17,REGULAR
6,Sara Hoffman,jwhite@example.com,2025-10-16,REGULAR
7,Randy Walters,haley45@example.net,2026-05-15,VIP
8,Cynthia Brooks,kim16@example.org,2025-06-03,PREMIUM
9,Sophia Jackson,david85@example.net,2024-04-15,PREMIUM
10,Courtney James,sydney94@example.com,2025-05-22,REGULAR
11,Joshua Bird,thorntonshirley@example.net,2023-09-02,REGULAR
12,Jessica Hansen,dallen@example.com,2024-06-20,REGULAR
13,Cindy Murphy,watsonnatalie@example.org,2024-06-01,REGULAR
14,Jennifer Rogers,watsonjennifer@example.com,2026-07-08,REGULAR
15,Maria Turner,paul42@example.org,2024-03-05,PREMIUM
16,David Foster,johnlee@example.net,2025-11-02,REGULAR
17,Stephen Fleming,samanthacarrillo@example.com,2024-09-14,REGULAR
18,Leslie Wilson,jennifer40@example.com,2024-12-27,REGULAR
19,Gabriel Adkins,kdennis@example.org,2023-10-31,REGULAR
20,Mary Bryant,joditerry@example.org,2025-05-08,REGULAR
21,Daniel Hughes,zgardner@example.net,2024-03-08,VIP
22,Douglas Moore,richardparker@example.com,2024-12-05,PREMIUM
23,Alan Krueger,vmitchell@example.net,2024-02-22,REGULAR
24,Keith Chavez,monique06@example.org,2026-06-16,REGULAR
25,Erik Medina,ufuentes@example.com,2025-11-22,REGULAR
26,Beth Barrett,stonemegan@example.com,2024-01-10,REGULAR
27,Carl Ramirez,madisonrobinson@example.net,2025-09-30,PREMIUM
28,Alexander Dixon,reyesdeanna@example.net,2024-10-18,VIP
29,Amanda Blair,rsmith@example.org,2026-03-19,VIP
30,Stephanie Harmon,regina24@example.com,2024-03-01,VIP
31,Victoria Adams,dbrown@example.org,2025-05-29,PREMIUM
32,Kimberly Rush,seanrobinson@example.net,2024-04-14,REGULAR
33,Alicia Freeman,littlebobby@example.com,2025-02-18,REGULAR
34,Joel Smith,wmooney@example.org,2023-11-15,VIP
35,Travis Garcia,conniedunn@example.net,2024-05-07,PREMIUM
36,Amy Price,taylorlewis@example.org,2025-07-25,REGULAR
37,Sean Hill,wrose@example.com,2023-07-30,REGULAR
38,Deanna Wagner,sandra40@example.com,2026-01-26,REGULAR
39,Eric Brock,andersonmichael@example.com,2023-11-09,PREMIUM
40,Dustin Jones,wilsonphyllis@example.com,2023-11-02,REGULAR
41,John Hernandez,bobby63@example.org,2024-01-02,REGULAR
42,Matthew Stevens,williamstyler@example.net,2024-01-29,REGULAR
43,Carla Osborne,kmendoza@example.com,2025-06-06,REGULAR
44,Gregory Parker,ronaldbates@example.com,2024-10-14,REGULAR
45,Rachel Reyes,davilaheather@example.org,2025-11-28,PREMIUM
46,Danny Ball,frankarmstrong@example.com,2026-03-30,PREMIUM
47,Melissa Graham,robert79@example.com,2024-09-14,PREMIUM
48,Ann May,frank19@example.com,2024-12-06,REGULAR
49,Elizabeth Torres,jhartman@example.net,2023-11-06,REGULAR
50,Nathan Miller,erinrogers@example.com,2026-02-03,REGULAR
51,Frank Johnson,williamsvirginia@example.org,2023-11-24,REGULAR
52,Leonard Moreno,wbrown@example.net,2024-03-07,REGULAR
53,Joseph Jarvis,maria45@,2026-04-22,PREMIUM
54,Gail Daniels,perkinslisa@example.com,2025-10-13,REGULAR
55,Autumn Barajas,nelsonamber@example.org,2024-05-30,REGULAR
56,Michael Wilkinson,benjamin97@example.com,2026-04-25,REGULAR
57,Robin Smith,ymeyer@example.com,2026-06-27,REGULAR
58,Brian Clark,ernestgentry@example.org,2025-04-01,PREMIUM
59,Taylor White,dschneider@example.org,2026-04-06,REGULAR
60,Billy Newman,eclark@example.org,2026-02-14,REGULAR
61,Barbara Steele,joefrank@example.com,2025-06-20,VIP
62,John Robertson,zruiz@example.org,2023-10-07,REGULAR
63,Keith Smith,martinezamanda@example.org,2026-01-17,PREMIUM
64,Becky Kaiser,tammythompson@example.com,2023-11-16,PREMIUM
65,John Whitney,gweiss@example.com,2024-03-08,REGULAR
66,Lucas Kelly,phillipsaaron@example.net,2025-09-09,REGULAR
67,Patrick Ross,nhines@example.net,2024-05-24,REGULAR
68,Christian Campbell,ronaldcollins@example.org,2024-12-01,REGULAR
69,Jennifer Kaiser,pjones@example.org,2024-08-19,REGULAR
70,David Hughes,fsheppard@example.org,2023-07-16,REGULAR
71,Omar Conrad,danny05@example.net,2025-05-08,REGULAR
72,Kevin Wright,rosevanessa@example.org,2026-04-19,REGULAR
73,Diane Jordan,kyle14@example.org,2026-05-21,PREMIUM
74,Maria Key,isimmons@example.net,2023-08-04,REGULAR
75,Raymond Sanders,smithtony@example.org,2024-08-11,REGULAR
76,Amy Garcia,maurice62@example.org,2023-12-09,PREMIUM
77,Stephen Woods,elizabeth02@example.org,2025-05-16,REGULAR
78,Hannah Oconnor,kimberly57@example.org,2025-03-04,REGULAR
79,Mary Adkins,elizabethayala@example.net,2024-04-10,REGULAR
80,Donald Wells,jamesgarcia@example.com,2024-01-02,REGULAR
81,Allen Mckinney,yclark@example.com,2026-05-14,REGULAR
82,Emily Howard,rose13@example.net,2025-01-22,REGULAR
83,Debra Harris,courtneylawson@example.net,2023-11-13,REGULAR
84,Manuel Armstrong,jennifersmith@example.org,2024-11-03,PREMIUM
85,Matthew Davis,clove@example.org,2024-03-06,REGULAR
86,Dana Ross,feliciahall@example.net,2025-04-12,REGULAR
87,Cynthia Robles,zavalabradley@example.org,2024-07-10,PREMIUM
88,Daisy Michael,keith97@example.org,2024-06-01,VIP
89,Kathleen Jackson,rayrobert@example.net,2023-12-20,REGULAR
90,Sara Carey,michael22@example.org,2026-01-15,REGULAR
91,Anthony Juarez,justin61@example.org,2024-11-10,REGULAR
92,Gary Daniels,amy78@example.net,2024-08-22,REGULAR
93,Andrew Cardenas,dperez@example.com,2023-12-07,REGULAR
94,Michael Maldonado,pdixon@example.org,2023-09-01,REGULAR
95,Megan Morrow,ytucker@example.org,2024-09-27,REGULAR
96,Angela Reese,imoyer@example.com,2026-05-10,VIP
97,Victor Ingram,kevindillon@example.com,2024-08-30,PREMIUM
98,Charles Williams,fritzjulie@example.net,2024-02-17,PREMIUM
99,Frank Ortega,hernandezrandall@example.net,2026-01-18,REGULAR
100,Margaret Hamilton,mitchellhernandez@example.org,2025-12-20,REGULAR
101,Tracy Thomas,brandi21@example.net,2023-12-03,REGULAR
102,Jimmy Howard,bhayes@example.com,2025-03-05,REGULAR
103,Brian Palmer,kennedyheather@example.org,2025-11-08,REGULAR
104,Lauren Nguyen,vramirez@example.net,2026-06-03,REGULAR
105,Hector Hamilton,justinnewton@example.org,2024-11-20,REGULAR
106,Paul Hernandez,qleonard@example.org,2024-07-30,REGULAR
107,Brittany Brown,kmoore@example.org,2025-05-05,REGULAR
108,Gary Frazier,max95@example.net,2024-07-04,VIP
109,Willie Williams,camerononeill@example.com,2024-03-18,REGULAR
110,Carol Walker,garciamatthew@example.com,2024-12-12,PREMIUM
111,William Turner,nwilliams@example.org,2023-11-01,PREMIUM
112,Zachary Haynes,anthony37@example.com,2025-09-23,REGULAR
113,Jillian Gray,tiffany40@example.org,2023-12-03,REGULAR
114,Emily Lawrence,rosebridget@example.net,2024-05-30,REGULAR
115,Glen Ingram,brentrivera@example.com,2026-06-16,REGULAR
116,Dakota Martinez,ccarlson@example.org,2023-09-25,REGULAR
117,Brian Faulkner,rjohns@example.net,2026-04-16,REGULAR
118,Michael Sullivan,garciajamie@example.com,2024-04-27,VIP
119,Bonnie Duncan,kcolegmail.com,2024-06-08,REGULAR
120,Sarah Smith,elizabethellis@example.com,2025-02-14,REGULAR
121,Stephanie Duncan,meganbrown@example.org,2024-07-28,REGULAR
122,Joseph Martinez,hahndaniel@example.org,2024-10-05,REGULAR
123,Alyssa Burns,kflores@example.net,2023-10-30,REGULAR
124,Carmen Perez,pinedajames@example.net,2025-05-20,REGULAR
125,Cynthia Cole,fostermichael@example.com,2026-05-30,REGULAR
126,Nancy Moyer,maxwell22@example.net,2023-08-23,REGULAR
127,Melvin Perez,glee@example.org,2024-01-13,REGULAR
128,George Henson,timothyrobinson@example.com,2026-05-31,REGULAR
129,Alan Brown,wallacejamesgmail.com,2024-07-12,REGULAR
130,Elizabeth Franklin,robert91@example.org,2024-01-29,REGULAR
131,Jesse Johnson,william21@example.org,2026-01-27,REGULAR
132,Jenny Miller,davewilliams@example.org,2026-05-03,PREMIUM
133,Andrew Fisher,jenniferblankenship@example.org,2024-07-12,PREMIUM
134,Steven Tanner,davisregina@,2024-04-26,REGULAR
135,Philip Smith,acevedocory@example.com,2025-05-01,REGULAR
136,Daniel Walker,yblair@example.org,2026-05-07,REGULAR
137,Jill Holder,nmartin@example.com,2025-10-26,REGULAR
138,Amy Hahn,joeburnett@example.com,2024-12-30,PREMIUM
139,Kimberly Evans,blake56@example.net,2024-09-09,PREMIUM
140,Amanda Mitchell,williamlevy@example.net,2026-02-14,REGULAR
141,Scott Nash,edwardsronald@example.net,2024-06-20,REGULAR
142,Christina Brown,matthewssara@example.com,2025-08-16,REGULAR
143,Cody Reid,arthur08@example.com,2024-10-02,REGULAR
144,David Morgan,ellisjesus@example.net,2026-02-06,REGULAR
145,Christopher Smith,mandy74@example.org,2023-08-17,REGULAR
146,Troy Bush,griffinjohn@example.org,2024-09-01,REGULAR
147,Omar Hamilton,rebecca50@example.org,2025-03-10,REGULAR
148,Crystal Collins,brenda90@example.com,2024-05-03,VIP
149,Edward Armstrong,cookjason@example.org,2025-01-12,REGULAR
150,Christopher Stark,samanthavalencia@example.org,2024-10-31,REGULAR
151,Joshua Nichols,rachaelreynolds@example.net,2026-06-17,REGULAR
152,Yvonne Smith,williamsbrandy@,2025-03-07,VIP
153,William Powell,benjamin33@example.com,2023-09-16,REGULAR
154,Laura Moore,nathanpatel@example.net,2024-02-10,VIP
155,Dennis Lambert,holmeskristin@example.com,2023-09-24,REGULAR
156,Howard Buck,careycharles@example.com,2024-06-03,REGULAR
157,Cynthia Mckinney,stewartmichele@example.net,2024-01-18,REGULAR
158,Ryan Wallace,hendersontammy@example.com,2026-01-17,PREMIUM
159,Kelly Lawrence,james13@example.com,2024-01-02,PREMIUM
160,Suzanne Mcconnell,jennifer40@example.com,2025-05-30,PREMIUM
161,Beth Simmons,ryanhester@example.com,2023-08-05,PREMIUM
162,Tonya White,marcsmith@example.org,2023-10-05,REGULAR
163,Maureen Martinez,felicia50@example.org,2026-04-01,PREMIUM
164,Debbie Jones,pamelarobertson@example.net,2025-11-20,REGULAR
165,Anthony Rivera,gregoryross@example.org,2024-05-19,REGULAR
166,Mercedes Humphrey,zfields@example.net,2024-12-16,REGULAR
167,Tammy Rodriguez,ebean@example.com,2025-10-26,REGULAR
168,Teresa Taylor,jcruz@example.org,2024-05-07,REGULAR
169,Ryan Martinez,newmanmark@example.org,2025-10-26,PREMIUM
170,Samuel Buckley,jill75@example.org,2023-12-28,REGULAR
171,Rhonda Mckinney,bradleywayne@example.net,2024-12-02,REGULAR
172,Jacqueline Lester,fruiz@example.org,2026-04-15,REGULAR
173,Theresa Shelton,toddkent@example.net,2025-01-09,REGULAR
174,Michael Haynes,jowens@example.net,2024-06-17,REGULAR
175,Erin Kelly,nichole30@example.org,2024-12-03,REGULAR
176,William Griffin,kwilkins@,2026-03-20,REGULAR
177,Kenneth Galloway,ecortez@example.org,2024-10-02,REGULAR
178,Kathleen Sanchez,samuelpratt@example.org,2024-08-09,REGULAR
179,Robert Beasley,adam67@example.com,2025-08-05,REGULAR
180,Kathy Mendez,chenrobert@example.net,2023-11-23,REGULAR
181,Timothy Obrien,jonathanalvarado@example.org,2024-10-16,REGULAR
182,Bradley Meyer,amberclark@example.net,2026-06-22,REGULAR
183,Stephen Kelly,sarahgonzalez@example.org,2023-09-23,REGULAR
184,Juan Davis,vbrooks@example.net,2025-05-23,PREMIUM
185,John Santana,theodore30@example.net,2023-10-06,VIP
186,Lisa Johnson,njohnson@example.com,2025-08-20,REGULAR
187,Anthony Stevens,aramirez@example.org,2023-10-29,REGULAR
188,William Sutton,iwilliams@example.net,2023-10-12,VIP
189,Kimberly Lamb,dhowell@example.net,2024-09-15,REGULAR
190,Justin Lopez,allenrobert@example.org,2025-11-30,REGULAR
191,Barbara Garcia,sandraberry@example.net,2025-04-19,REGULAR
192,David Williams,mdominguez@example.com,2023-11-18,REGULAR
193,Daniel Lester,lsmith@example.net,2024-08-19,REGULAR
194,Jerry Franklin,nashzachary@example.net,2026-06-27,VIP
195,Mary Nguyen,clarkjamie@example.net,2024-12-31,REGULAR
196,Tina Gonzalez,amber24@example.org,2024-02-26,PREMIUM
197,Christopher Smith,egordon@example.org,2026-06-18,REGULAR
198,Ronald Mitchell,jason19@example.net,2025-02-06,VIP
199,Christina Nichols,john48@example.com,2024-05-25,REGULAR
200,Rachel Kelly,fochoa@example.com,2024-05-17,REGULAR
201,Jared Adams,erinmyers@example.org,2025-09-16,REGULAR
202,Martin Taylor,wsanford@example.com,2024-02-02,REGULAR
203,John Figueroa,elizabethholmes@example.org,2025-01-11,PREMIUM
204,Stuart Murphy,barrykimberly@example.net,2025-06-09,REGULAR
205,Samantha Franklin,rmartin@example.org,2025-08-05,REGULAR
206,Alexander Smith,rosariojohn@example.org,2025-09-19,VIP
207,Joseph Perez,david53@example.org,2025-09-01,PREMIUM
208,Jennifer Wilson,brennancaitlin@example.org,2024-04-29,PREMIUM
209,Angela Everett,carolinereyes@example.com,2025-02-16,REGULAR
210,Sharon Walker,edwardsjason@example.org,2026-06-18,REGULAR
211,Kimberly Hoffman,dhutchinson@example.net,2023-08-16,VIP
212,Matthew Carter,douglas88@example.com,2023-10-18,VIP
213,Christine Murphy,kstewart@example.com,2025-08-07,REGULAR
214,Tonya Hernandez,jordanchase@example.org,2024-09-12,REGULAR
215,Jeffrey Ramos,robert95@example.net,2024-03-28,VIP
216,Tina Powell,walter98@example.org,2025-10-03,REGULAR
217,Karen Lyons,jeffrey75@example.net,2024-08-27,PREMIUM
218,Tiffany Chapman,stoutvictor@example.org,2024-07-28,REGULAR
219,Luke Rice,richard35@example.org,2023-10-10,VIP
220,Katie Barnes,colemanbrandon@example.net,2023-11-22,PREMIUM
221,Jacqueline Hill,rodriguezkelly@example.org,2024-04-02,VIP
222,Renee Carrillo,chendricks@example.org,2026-03-04,REGULAR
223,Alex Russo,william57@example.org,2025-08-07,REGULAR
224,Diane Forbes,martinezkelsey@example.org,2026-06-04,REGULAR
225,Daniel Jones,qmiller@example.org,2024-10-06,REGULAR
226,Jackie Glenn,lieric@example.com,2025-09-05,REGULAR
227,Sherry Long,amyreed@example.org,2025-12-15,REGULAR
228,Kenneth Davies,hollandlaura@example.net,2025-05-30,REGULAR
229,Laura Allen,hgibbs@example.org,2024-06-13,REGULAR
230,Elizabeth Martinez,robert25@example.net,2023-12-23,PREMIUM
231,Tiffany Peck,hpierce@example.org,2023-10-08,REGULAR
232,Nicole Smith,ulee@example.org,2025-12-16,REGULAR
233,Bianca Wilson,scott63@example.net,2023-11-22,REGULAR
234,Heather Bowers,michaelschwartz@example.org,2023-11-16,REGULAR
235,Aaron Mendez,diazryan@example.org,2025-01-06,REGULAR
236,Kevin Roberts,david26@example.net,2024-10-13,PREMIUM
237,Julie Graves,vsims@example.org,2026-05-23,REGULAR
238,Amy Grimes,antonioweaver@example.com,2024-09-06,PREMIUM
239,Lindsey Jones,kyle00@example.net,2025-07-12,PREMIUM
240,William Macias,wkline@example.com,2025-07-12,REGULAR
241,Kyle Miller,dgallegos@example.org,2025-10-13,PREMIUM
242,Bobby Gonzalez,garrett40@example.com,2024-04-09,REGULAR
243,Audrey Clark,laurashort@example.net,2023-11-07,REGULAR
244,Joan Hall,nmartinez@example.org,2025-10-20,REGULAR
245,Jerry Lewis,bautistakaylee@example.org,2023-11-07,REGULAR
246,Natalie Roberson,alexhaynes@example.org,2025-11-09,VIP
247,Laura Roberts,danielmatthew@example.org,2024-01-26,PREMIUM
248,Shane Ballard,johnsrobert@example.com,2025-01-04,VIP
249,Joseph Garrett,barkerdouglas@example.com,2023-12-16,REGULAR
250,Meagan Love,conniesmith@example.org,2023-07-30,REGULAR
251,Jason Lewis,derekvasquez@example.org,2024-12-06,REGULAR
252,Robert Gordon,hollowayjames@example.com,2026-02-17,REGULAR
253,Holly Garcia,opalmer@example.org,2024-01-25,REGULAR
254,Joseph Bradley,codykeith@example.org,2024-06-15,REGULAR
255,Adam Price,joelhoffman@example.net,2024-08-27,REGULAR
256,Sharon Ware,bartlettelizabeth@example.com,2026-02-15,REGULAR
257,Beverly Pearson,rogergomez@example.com,2025-06-08,REGULAR
258,Amanda Harris,jacobwheeler@example.net,2024-06-06,REGULAR
259,Timothy Cordova,lorivargas@example.net,2026-05-05,REGULAR
260,Tamara Drake,wilsonhannah@example.net,2023-09-23,REGULAR
261,John Harris,mooneyduane@example.org,2023-11-05,REGULAR
262,Ronald Huerta,canderson@example.org,2024-07-05,REGULAR
263,John Parker,jonathanbarajas@example.com,2025-12-22,REGULAR
264,Emily Williams,knapppedro@example.com,2025-04-21,REGULAR
265,Nicholas Tran,meyerstephen@example.com,2024-12-07,REGULAR
266,Dawn Wong,collinsfrederick@example.com,2023-07-13,REGULAR
267,Allison Lopez,tiffanymoore@example.com,2024-06-02,REGULAR
268,Rebecca Stewart,qsmith@example.net,2025-08-19,REGULAR
269,Brian Jackson,zgibbs@example.com,2025-01-14,VIP
270,Carol Smith,casey12@example.net,2025-06-05,REGULAR
271,Marc Richards,branchcharles@example.net,2026-06-04,REGULAR
272,James Lynch,jeffreyedwards@example.com,2025-09-16,REGULAR
273,Robin Burgess,andersonmichael@example.net,2025-02-01,REGULAR
274,Erica Robinson,michelle71@example.org,2024-08-15,VIP
275,Joshua Mullins,jenkinskathryn@example.net,2025-08-28,REGULAR
276,Jessica Henderson,kellerjulie@example.net,2026-07-03,VIP
277,Matthew Malone,saundersjennifer@example.org,2023-09-03,REGULAR
278,Mandy Ramsey,mharper@example.org,2026-03-22,REGULAR
279,Ryan Charles,fred17gmail.com,2025-02-03,REGULAR
280,Jodi Leon,blackdavid@example.org,2026-05-03,REGULAR
281,Raymond Watkins,richard46@example.org,2025-10-12,PREMIUM
282,Amy Chandler,adamboyle@example.net,2024-10-15,REGULAR
283,Jennifer Cross,dthompson@example.net,2024-12-30,PREMIUM
284,Kenneth Mitchell,denise18@example.net,2024-07-10,REGULAR
285,Christine Hester,michele68@example.org,2025-06-03,REGULAR
286,Samuel Lawrence,buchanandarlene@example.net,2023-11-13,REGULAR
287,Marisa Wilson,nwatson@example.net,2023-12-08,PREMIUM
288,Chad Santos,bonnieanderson@example.com,2026-04-29,REGULAR
289,William Murray,taylordesiree@example.com,2026-03-24,VIP
290,Sarah Pacheco,katherinevelazquez@example.com,2025-11-03,REGULAR
291,Erik Sanchez,smithnathangmail.com,2023-08-10,REGULAR
292,Joshua Jones,stevewalker@example.com,2023-08-29,REGULAR
293,Mary Brooks,stanley91@example.com,2024-09-21,VIP
294,Jennifer Hernandez,kathryn45@example.org,2024-11-19,REGULAR
295,Steven White,woodsjohn@example.net,2025-11-10,REGULAR
296,Allison Miller,andersonbarbara@example.org,2025-02-05,REGULAR
297,Nicole Hancock,fischerdarlene@example.net,2024-05-26,REGULAR
298,Alicia Morrison,johnsonnicholas@example.com,2026-06-01,REGULAR
299,Brian Matthews,stokessydney@example.net,2025-11-06,REGULAR
300,Adam Bradley,elizabeth50@example.com,2024-03-13,VIP
301,Stacey Perez,rharris@example.org,2025-10-11,REGULAR
302,Susan Hernandez,mallorypatton@example.com,2024-01-26,REGULAR
303,Steven Smith,whitejames@example.net,2024-03-16,VIP
304,Mark Ballard,kellywilliam@example.com,2025-05-03,REGULAR
305,David Schwartz,brian07@example.com,2026-05-24,REGULAR
306,Elizabeth Chavez,vwallace@example.com,2026-02-19,REGULAR
307,Matthew Barnes,dlyons@example.org,2024-02-15,REGULAR
308,James Franklin,tmitchell@example.com,2025-03-11,REGULAR
309,Daniel Juarez,fharrington@example.com,2024-11-19,REGULAR
310,Linda Jackson,jameskaylee@example.com,2026-03-29,PREMIUM
311,Brenda Mckinney,rileybruce@example.org,2024-09-08,REGULAR
312,Timothy Paul,jake76@example.com,2026-01-26,PREMIUM
313,Michael Alvarado,deborahfuentes@example.com,2024-10-06,PREMIUM
314,Marcia Bryan,stevensmith@example.org,2023-12-08,REGULAR
315,Kristin Ruiz,youngchelsey@example.org,2025-08-23,VIP
316,Miguel Kim,cynthiahernandez@example.org,2025-07-23,REGULAR
317,Cynthia Lopez,mariawolfe@example.com,2026-02-08,REGULAR
318,Maria Hood,reneeharrison@example.org,2025-04-02,REGULAR
319,Casey Grant,anthony09@example.net,2024-04-01,PREMIUM
320,Ryan Fox,michael17@example.com,2025-10-11,REGULAR
321,Cynthia Fleming,wgarcia@example.net,2025-08-30,REGULAR
322,Elizabeth Hammond,ellissara@example.org,2023-09-03,REGULAR
323,Holly Johnson,jeremytucker@example.org,2026-04-22,REGULAR
324,Evelyn Marquez,carrieyoung@example.com,2025-09-03,PREMIUM
325,Stephen Schneider,kpatton@example.org,2025-02-22,PREMIUM
326,Linda Yang,cmacdonald@example.org,2026-01-18,REGULAR
327,James Fisher,jonesrachel@example.org,2026-03-17,REGULAR
328,Adam Carr,edwardphelps@example.org,2023-11-06,REGULAR
329,Robert Delgado,zroberts@example.com,2025-06-06,REGULAR
330,Valerie Wallace,donald04@example.com,2026-01-28,VIP
331,John Payne,melissa75@example.org,2025-05-22,REGULAR
332,Anne Parker,leejeffrey@example.org,2023-09-03,PREMIUM
333,Erica Knight,cantrellcarrie@example.org,2025-11-10,PREMIUM
334,Megan Olson,jcarter@example.org,2026-06-06,REGULAR
335,Billy Williams,acarpenter@example.com,2025-09-25,VIP
336,Christopher Sullivan,bsmith@example.net,2025-12-29,REGULAR
337,Kathleen Zimmerman,rjackson@example.com,2023-12-02,REGULAR
338,Gilbert Hardin,ruiztabitha@example.com,2025-02-10,VIP
339,Stacey Beck,hwilliams@example.com,2023-10-27,REGULAR
340,Jesse Wilson,ksingleton@example.net,2025-02-07,REGULAR
341,Melinda Robinson,mark97@example.net,2025-10-06,REGULAR
342,Brandon Beck,matthewmartin@example.net,2026-04-09,REGULAR
343,Cynthia French,khill@example.org,2025-03-28,VIP
344,Amber Jordan,rgriffin@example.org,2025-05-10,REGULAR
345,Matthew Faulkner,annlopez@example.net,2024-08-28,VIP
346,Nicole Gallagher,herreraalicia@example.org,2023-07-14,PREMIUM
347,Michael Smith,batesthomas@example.org,2026-05-05,REGULAR
348,Joseph Mayer,myerserin@example.com,2024-09-23,REGULAR
349,Austin Richmond,acarr@example.org,2025-12-19,REGULAR
350,Andrew Wolf,donald63@example.com,2023-12-15,VIP
351,Kristie Jensen,jennifer62@example.com,2025-03-18,REGULAR
352,Alan Cunningham,bobbywalker@example.org,2023-11-02,REGULAR
353,Jacob Fry,taylormann@example.org,2023-11-15,VIP
354,Adam Fischer,wigginschristine@example.net,2025-06-27,VIP
355,Steven Chandler,kimberlymoore@example.net,2024-03-20,REGULAR
356,Brandon Morris,trevor89@example.net,2024-05-07,REGULAR
357,Robert Olson,richard31@example.org,2025-09-20,REGULAR
358,Katherine Harmon,monica16@example.com,2024-04-14,REGULAR
359,Kimberly Zhang,vegamary@example.org,2025-04-14,REGULAR
360,Peggy Smith,ddavis@example.org,2023-09-24,REGULAR
361,Sharon Bates,melissa59@example.com,2026-04-09,REGULAR
362,Kristin Little,yfoster@example.net,2025-08-13,REGULAR
363,Daniel Taylor,margaretmarshall@example.com,2025-12-17,REGULAR
364,Gregory Rodgers,slee@example.org,2025-03-17,REGULAR
365,Monica Wallace,johnstoncrystal@example.com,2024-06-17,REGULAR
366,David Reid,abigailfletcher@example.org,2023-12-04,REGULAR
367,William Mercado,daniel95@example.com,2024-06-13,REGULAR
368,Patrick Perry,vanessastevens@example.org,2026-03-09,REGULAR
369,Stephen Romero,whitedennis@example.com,2025-05-18,REGULAR
370,Shannon Davis,henryhaley@example.org,2024-07-26,PREMIUM
371,Willie Reynolds,mitchelljennifer@example.com,2025-04-06,PREMIUM
372,Robert Jackson,jose49@example.org,2024-08-31,REGULAR
373,Kyle Hancock,simmonschristian@example.net,2024-09-01,VIP
374,Lisa Buchanan,staceyhughes@example.org,2024-11-07,PREMIUM
375,John King,xhernandez@example.net,2026-06-10,REGULAR
376,Alejandra Vasquez,paulfigueroa@example.com,2024-10-04,REGULAR
377,Todd Brooks,brian74@example.net,2026-02-06,REGULAR
378,Robin Franklin,fletchercatherine@example.com,2025-06-29,VIP
379,Ryan Cox,hughesrobert@example.org,2023-08-25,REGULAR
380,Amy Cooper,ibuck@example.org,2025-09-12,REGULAR
381,Suzanne Chan,jennifer10@example.net,2025-12-03,PREMIUM
382,Christopher Jones,justin03@example.org,2025-12-29,PREMIUM
383,Judith Williams,davislisa@example.com,2026-02-25,REGULAR
384,Frank Anderson,lwilliams@example.org,2024-11-09,REGULAR
385,Steven Fowler,mosleylee@example.org,2024-03-20,PREMIUM
386,Patrick Williams,watsonsharon@example.net,2024-08-26,REGULAR
387,Carrie Reed,csolis@example.net,2026-03-19,REGULAR
388,Teresa Allen,kcampbell@example.com,2024-01-15,REGULAR
389,Kyle Ellis,ronald17@example.com,2023-08-11,REGULAR
390,Amy Miller,gloriaroberts@example.net,2024-05-26,REGULAR
391,Daniel Neal,nancyjohnson@example.com,2026-06-16,REGULAR
392,Crystal Cox,gwilliams@example.net,2024-10-14,PREMIUM
393,Julie Cantrell,thomas93@example.com,2024-03-13,REGULAR
394,Vicki Cooper,christine28@example.com,2026-07-09,REGULAR
395,Justin Watkins,dixonpatrick@example.net,2026-07-06,REGULAR
396,Edward Bowen,tyler41@example.net,2023-11-30,REGULAR
397,Edward Goodwin,butlerglenn@example.com,2023-12-07,REGULAR
398,Kevin James,michaeldiaz@example.net,2026-04-27,PREMIUM
399,Jeremy Sullivan,wgonzalez@example.org,2023-11-08,REGULAR
400,Melissa Wheeler,kylerose@example.net,2023-12-09,REGULAR
401,Terri Robertson,ramirezerica@example.net,2024-08-25,REGULAR
402,Tracy Wells,chapmanjames@example.org,2023-12-11,REGULAR
403,David Fitzpatrick,victoria70@example.com,2026-01-29,VIP
404,Robin Garcia,erinbaker@example.net,2026-03-19,REGULAR
405,Robert Gonzalez,washingtonstephanie@example.org,2025-09-03,REGULAR
406,Wayne Keller,lewisvalerie@example.org,2025-05-04,REGULAR
407,Jacqueline Golden,kevinlowery@example.com,2023-11-27,REGULAR
408,Angela Rojas,michaelferguson@example.com,2025-05-15,REGULAR
409,Amanda Whitehead,julieparker@example.net,2025-12-12,REGULAR
410,Jeffery Silva,millerronnie@example.org,2026-07-01,PREMIUM
411,Stephen Braun,rtaylor@example.net,2024-09-02,REGULAR
412,Jason Castillo,mclark@example.com,2023-09-04,PREMIUM
413,David Porter,johnstonkerri@example.com,2025-07-01,REGULAR
414,Ryan Rodriguez,bruce88@example.org,2023-09-29,REGULAR
415,Kari Wagner,adamsheather@example.net,2026-02-27,PREMIUM
416,Christina Cameron,kzuniga@example.org,2026-04-27,REGULAR
417,Cindy Brady,abryant@example.org,2024-12-04,PREMIUM
418,Cynthia Fletcher,esantiago@example.com,2025-01-08,PREMIUM
419,Jennifer Smith,dudleymichael@example.org,2025-09-18,PREMIUM
420,Jasmine Davis,edaniels@example.net,2026-06-19,PREMIUM
421,Laura Mcneil,xlarson@example.net,2026-04-02,REGULAR
422,Edward James,kobrien@example.com,2024-08-02,PREMIUM
423,James Carter,vchen@example.com,2024-12-04,REGULAR
424,Corey Lynn,ariley@example.org,2024-08-28,VIP
425,Michael Vincent,burtondaniel@example.org,2025-11-10,REGULAR
426,Renee Velasquez,jacob18@example.com,2025-03-12,PREMIUM
427,Justin Rice,stewartjames@example.org,2023-12-09,REGULAR
428,Marcus Olsen,sean42@example.com,2023-11-16,REGULAR
429,Lindsay Kirk,juliasmith@example.com,2025-02-26,PREMIUM
430,Michael Woods,hhernandez@example.org,2024-06-26,REGULAR
431,Katherine Roberson,zking@example.net,2024-09-01,REGULAR
432,Katherine Murphy,nlopez@example.com,2024-05-15,REGULAR
433,Todd Adams,thomasking@example.net,2025-08-07,REGULAR
434,Maxwell Suarez,qwiley@example.net,2024-09-30,REGULAR
435,David Moore,lambamanda@example.net,2026-02-23,PREMIUM
436,Patricia Powell,cowandennis@example.net,2024-01-17,PREMIUM
437,Cheryl Johnson,ortizvanessa@example.org,2026-03-23,VIP
438,Sharon Moore,nsmith@example.com,2023-12-21,REGULAR
439,John Lawson,linda72@example.com,2026-06-20,REGULAR
440,Dalton Jacobson,davidaustin@example.org,2025-03-25,REGULAR
441,Jennifer Alvarado,jaymiller@example.net,2026-04-16,REGULAR
442,Gregory Martin,jperez@example.org,2024-04-09,PREMIUM
443,Mark Meyers,colin03@example.org,2024-04-08,REGULAR
444,Tina Mcbride,jeffersonraymond@example.org,2025-01-25,VIP
445,Jo King,cmiller@example.com,2024-01-02,PREMIUM
446,Richard Garcia,nathaniel43@example.net,2023-11-03,REGULAR
447,Patrick Singleton,davenportkristin@example.org,2025-07-13,VIP
448,Morgan Chaney,creid@example.com,2025-05-26,VIP
449,Joan Spencer,nelsonlisa@example.net,2024-04-25,REGULAR
450,Jason Reese,youngshannon@example.org,2023-12-22,VIP
451,Sherri Kelly,danielleolson@example.net,2024-10-26,REGULAR
452,Zachary Stone,samuel43@example.org,2026-02-16,REGULAR
453,John Yates,milesanna@example.com,2025-06-14,REGULAR
454,Jennifer Jackson,robertcallahan@example.com,2025-03-23,REGULAR
455,Morgan Porter,qparker@example.org,2025-10-14,PREMIUM
456,Alicia Brown,mlane@example.com,2026-01-19,REGULAR
457,Terri Owens,timothy04@example.org,2024-02-18,REGULAR
458,James Dixon,millerrenee@example.net,2023-10-22,REGULAR
459,Amy Mills,qanderson@example.org,2023-09-20,REGULAR
460,Caitlin Rogers,daniel66@example.com,2024-01-23,PREMIUM
461,Peter Bryant,shirley36@example.org,2024-11-08,REGULAR
462,Melissa Dunlap,robinsonlori@example.com,2026-02-03,PREMIUM
463,Madison Gilmore,vegajeremy@example.com,2023-10-15,REGULAR
464,Nicholas Costa,raymondsantana@example.com,2024-08-31,PREMIUM
465,Joshua Boyle,igonzales@example.org,2025-06-25,REGULAR
466,Shelly Daniel,evanslisa@example.org,2024-10-09,REGULAR
467,Sarah Gonzalez,medinacraig@example.net,2023-09-24,PREMIUM
468,Gary Aguilar,moranjeffery@example.com,2026-01-10,PREMIUM
469,Jonathan Carroll,ricardo69@example.com,2025-07-12,REGULAR
470,Glen Kaufman,meagan08@example.org,2024-08-03,VIP
471,Kelly Garcia,jesse24@example.net,2026-04-02,REGULAR
472,Tyler Ali,victoria16@example.org,2026-03-05,VIP
473,Aaron Banks,ryankelly@example.org,2023-08-19,REGULAR
474,Timothy Scott,woodardalicia@example.net,2024-07-26,REGULAR
475,Janet Taylor,danielchristian@example.com,2024-09-01,VIP
476,Lisa Stephenson,michaelbates@example.net,2024-05-08,VIP
477,Stephanie Johnson,joseph04@example.org,2025-02-12,REGULAR
478,Todd Calderon,carrashley@example.com,2026-03-10,PREMIUM
479,Jerry Collins,kevin14@example.net,2023-12-21,REGULAR
480,Mark Patterson,arussell@example.org,2024-08-15,REGULAR
481,Stephanie Jones,marissa26@example.com,2024-01-14,REGULAR
482,Tyler Noble,roy78@example.com,2025-08-27,REGULAR
483,Michelle Romero,kaitlin88gmail.com,2023-12-07,PREMIUM
484,Cassandra Randall,glenda60@example.org,2025-10-30,REGULAR
485,Stephen Banks,hallrichard@example.org,2026-04-18,PREMIUM
486,Matthew Hunter,melissa70@example.org,2025-06-15,REGULAR
487,Autumn Anderson,jonesdustin@example.org,2025-12-03,PREMIUM
488,Erin Mcguire,longgwendolyn@example.net,2024-12-13,REGULAR
489,Dawn Gomez,dustinperez@example.net,2024-03-01,REGULAR
490,Charles Carpenter,jonathannguyen@example.com,2024-05-23,REGULAR
491,Kimberly Patterson,staceycooper@example.org,2025-12-28,REGULAR
492,Elizabeth Spencer,john75@example.com,2024-03-24,REGULAR
493,David Rios,shepherdrobert@example.com,2023-10-11,REGULAR
494,Tracy Campbell,david20@example.org,2023-08-22,REGULAR
495,Tracy Chavez,johnny46@example.net,2023-11-27,REGULAR
496,Cynthia Miller,pwalls@example.net,2024-04-05,REGULAR
497,Pamela Gardner,sherri83@example.com,2026-05-13,VIP
498,Michelle Hall,dperez@example.com,2023-10-12,PREMIUM
499,Taylor Burgess,kylie04@example.com,2025-08-16,REGULAR
500,Sandy Morrison,kiaratucker@example.com,2025-05-28,PREMIUM
