item_id,order_id,product_id,quantity,unit_price,discount_percent
1,6,463,2,3806,38
2,355,121,1,2791,6
3,109,180,3,2427,3
4,305,431,5,4896,95
5,200,29,4,2919,12
6,256,164,3,4263,24
7,211,161,4,3083,73
8,29,137,3,3042,81
9,155,149,5,2362,60
10,481,253,-5,3653,17
11,158,63,5,2520,31
12,234,345,4,3900,70
13,360,474,3,3413,37
14,456,235,2,2721,63
15,82,266,1,3376,56
16,494,374,5,4159,61
17,158,79,3,3791,6
18,139,397,2,3064,11
19,190,62,1,3082,25
20,42,185,5,2386,65
21,213,455,4,2663,50
22,314,191,5,4453,35
23,203,222,2,3529,36
24,453,182,2,3054,56
25,209,106,1,2218,43
26,103,308,2,2706,7
27,4,98,2,3939,47
28,257,130,4,4454,78
29,212,233,4,2535,19
30,52,25,2,4851,1
31,241,430,3,3056,10
32,366,469,3,2125,84
33,350,347,1,2882,70
34,233,117,5,4355,78
35,479,467,1,2884,18
36,60,437,3,2721,68
37,351,18,2,2523,71
38,155,180,2,4238,23
39,321,390,2,4151,63
40,136,158,4,4496,7
41,483,83,5,3092,52
42,425,239,1,3392,6
43,110,302,2,3789,91
44,309,101,2,2690,75
45,494,165,2,3129,14
46,474,234,5,4804,44
47,299,279,1,2571,74
48,432,454,5,2374,53
49,178,353,2,3507,38
50,68,486,4,4099,89
51,67,275,-4,2429,16
52,204,212,5,4690,2
53,493,84,4,4542,61
54,333,426,2,3799,54
55,357,156,5,4710,64
56,156,370,1,3667,53
57,441,84,5,2959,75
58,1,96,5,4489,71
59,24,362,5,4187,9
60,132,453,5,4267,11
61,300,132,2,3947,10
62,304,456,3,4226,68
63,65,196,3,2812,2
64,458,473,3,3920,79
65,348,333,4,3752,29
66,441,179,2,2093,64
67,423,33,2,3653,95
68,436,432,-2,4972,88
69,400,246,3,4779,15
70,319,241,2,2781,22
71,261,469,1,4694,75
72,390,315,2,2420,92
73,388,499,2,3390,58
74,386,53,4,3128,2
75,419,114,2,3505,91
76,8,290,5,3543,66
77,415,229,3,2183,76
78,423,16,1,4950,69
79,119,341,1,2010,89
80,28,465,5,2056,97
81,267,14,3,4426,44
82,460,490,3,2525,10
83,209,383,5,2454,50
84,387,328,5,2681,0
85,220,300,1,2659,6
86,342,375,5,4104,13
87,239,295,2,2326,63
88,422,119,5,4398,6
89,431,380,4,2938,34
90,391,39,2,3411,92
91,342,350,1,4838,87
92,58,318,3,2476,29
93,107,203,4,3451,43
94,333,16,3,4212,19
95,28,428,5,2391,52
96,5,410,3,2412,37
97,348,239,3,4621,99
98,353,418,3,4758,66
99,210,400,3,3664,20
100,96,18,1,4317,97
101,297,181,4,2246,55
102,33,393,4,3199,25
103,107,228,3,3014,14
104,6,223,1,2212,6
105,342,349,1,3437,16
106,171,45,5,4549,18
107,97,249,1,3314,72
108,280,137,1,4621,98
109,108,232,4,4978,76
110,84,55,4,2197,15
111,146,257,4,4070,88
112,315,430,3,4557,100
113,448,159,3,4298,33
114,481,390,4,4559,93
115,268,423,3,3761,60
116,358,432,2,2603,73
117,190,442,4,3691,3
118,280,321,4,4039,68
119,308,221,3,2342,56
120,245,110,2,4921,71
121,334,204,3,3546,33
122,242,103,1,4392,90
123,414,496,2,4506,17
124,2,111,2,2251,69
125,225,80,5,4962,55
126,337,337,5,2121,23
127,235,309,3,2310,26
128,482,383,2,2823,98
129,127,255,3,2812,5
130,239,290,5,4291,98
131,463,480,5,2356,81
132,171,392,1,3602,20
133,135,24,5,4066,17
134,364,471,4,3766,88
135,398,493,5,3753,10
136,11,376,2,2329,43
137,442,112,4,4949,35
138,306,441,5,3949,57
139,418,227,5,3737,95
140,213,346,5,3973,67
141,22,347,5,4315,44
142,333,289,5,2054,72
143,12,273,5,3934,96
144,182,442,1,4201,93
145,37,96,2,3209,54
146,285,269,1,3466,99
147,314,491,3,3172,85
148,26,475,2,4367,12
149,180,79,2,2700,61
150,203,28,3,3564,64
151,121,496,5,4138,14
152,27,149,2,3093,49
153,258,75,4,4714,62
154,371,394,-4,2308,81
155,463,202,4,2983,80
156,247,287,2,3193,37
157,214,483,5,3206,1
158,271,144,5,4165,73
159,275,356,3,4578,25
160,446,124,4,2238,99
161,168,473,2,2845,37
162,97,402,1,2494,74
163,4,365,1,3052,2
164,263,24,2,4559,82
165,180,467,5,2755,76
166,186,204,4,2815,55
167,132,336,2,3594,20
168,477,43,3,4224,73
169,43,370,1,3800,10
170,261,500,2,2470,33
171,392,187,4,2774,94
172,227,400,5,4157,80
173,340,196,2,4842,86
174,418,308,3,4501,14
175,485,325,5,3822,40
176,47,149,4,4003,73
177,36,48,1,3689,69
178,284,222,2,4580,90
179,355,88,1,4579,76
180,188,460,1,4253,45
181,25,421,4,4414,63
182,356,409,3,2185,19
183,3,169,4,4469,18
184,435,220,5,2024,20
185,64,70,5,3527,57
186,446,389,2,3884,90
187,18,475,4,2609,33
188,379,192,3,3685,6
189,319,166,3,3689,99
190,418,397,1,3315,69
191,402,456,1,4956,40
192,306,387,5,4335,57
193,193,444,5,4579,55
194,81,412,5,2221,70
195,14,192,4,3432,47
196,84,134,1,2951,0
197,481,103,5,2998,69
198,16,399,1,2844,42
199,161,445,2,2763,89
200,442,391,4,3447,95
201,158,260,4,2830,57
202,307,18,4,3301,73
203,234,418,4,3306,21
204,126,98,2,3185,8
205,465,306,3,3040,60
206,102,21,4,2107,43
207,407,451,2,2919,56
208,292,11,4,3972,71
209,356,396,2,2784,40
210,313,78,3,3860,37
211,61,434,4,4024,36
212,36,399,3,4122,98
213,384,111,1,4282,21
214,324,223,5,4499,54
215,351,121,2,4134,40
216,281,165,4,2990,74
217,58,71,4,3101,33
218,135,17,4,3737,49
219,401,328,3,2964,80
220,297,500,2,2872,96
221,345,391,4,3084,41
222,2,190,2,4168,45
223,26,181,-2,4696,82
224,281,338,3,2134,86
225,405,82,3,2824,80
226,182,135,1,4744,23
227,30,176,4,2076,14
228,213,392,1,2145,18
229,273,359,1,2742,83
230,116,127,3,3519,74
231,240,456,5,2736,46
232,316,277,1,3391,65
233,463,343,4,4297,12
234,335,246,4,3749,94
235,141,355,3,2749,30
236,431,102,4,2011,3
237,449,174,4,4953,40
238,222,457,3,3551,72
239,65,311,1,2473,98
240,206,8,4,2360,28
241,336,454,5,4357,49
242,330,418,5,2656,86
243,141,240,1,4599,35
244,65,122,5,4886,98
245,189,156,4,4000,2
246,353,123,5,2807,65
247,138,187,-5,2359,97
248,442,304,5,3526,88
249,265,474,4,4334,30
250,136,257,5,4483,2
251,456,434,4,4202,1
252,392,157,4,3387,45
253,97,350,2,3138,8
254,442,180,1,4034,19
255,203,35,2,4958,77
256,471,86,1,4619,92
257,495,281,4,2243,57
258,241,186,5,2694,39
259,125,423,4,4359,20
260,431,300,2,3679,35
261,341,100,2,4295,62
262,236,166,5,3739,60
263,494,427,3,2196,78
264,89,387,5,2307,20
265,146,258,1,4733,52
266,404,480,1,4078,11
267,387,118,2,4115,91
268,313,401,1,2207,29
269,20,34,2,3290,3
270,253,148,4,3634,63
271,366,17,5,2953,25
272,30,348,5,2130,39
273,273,145,1,3461,53
274,81,445,4,3428,12
275,119,370,3,2036,26
276,110,378,1,4130,8
277,369,392,2,3113,70
278,65,345,2,2623,10
279,371,243,2,2558,27
280,2,165,4,3361,17
281,88,350,2,2873,3
282,466,245,-2,2539,37
283,182,459,2,4288,19
284,128,123,4,2855,6
285,360,473,2,4126,54
286,47,225,2,3452,35
287,197,455,2,3051,82
288,394,313,2,3237,12
289,63,110,2,4841,32
290,471,36,5,4152,88
291,27,69,2,2238,87
292,13,413,5,2660,5
293,352,59,3,4621,6
294,467,377,5,3521,72
295,124,46,1,3427,13
296,356,39,3,4173,36
297,426,244,3,4433,61
298,145,247,5,4973,63
299,397,77,4,4227,45
300,142,217,4,4660,38
301,367,272,5,3340,18
302,83,157,2,4245,13
303,405,87,3,4667,52
304,185,386,3,2667,40
305,400,406,4,3397,37
306,24,79,3,4310,39
307,172,87,1,2821,28
308,197,274,4,4842,64
309,66,462,5,3467,74
310,491,119,2,4404,52
311,402,298,5,4591,89
312,188,389,1,2306,0
313,242,488,5,3578,7
314,68,369,5,2648,55
315,97,185,2,2841,30
316,451,445,3,4695,9
317,198,45,5,2315,66
318,397,104,1,3545,44
319,492,442,1,2302,0
320,291,35,4,3523,19
321,32,347,5,3181,83
322,479,126,3,2180,53
323,178,295,1,3310,48
324,372,92,5,2437,36
325,70,323,2,3829,14
326,223,132,4,2038,51
327,446,194,3,2916,46
328,4,5,3,2717,82
329,63,166,3,4059,34
330,181,367,3,4163,79
331,390,48,3,3316,65
332,36,436,1,4606,65
333,161,143,4,3561,88
334,141,39,4,4364,72
335,220,40,3,2939,8
336,68,255,3,2806,71
337,73,483,3,3095,71
338,461,282,3,4175,62
339,23,41,3,2366,46
340,91,408,5,3025,6
341,11,332,1,3924,58
342,500,97,3,2189,11
343,217,147,1,2911,19
344,232,423,4,4311,19
345,153,2,3,2680,29
346,196,332,1,4283,90
347,144,163,1,2584,96
348,288,325,3,3061,17
349,422,267,4,4114,73
350,167,358,1,4022,59
351,261,278,2,3539,16
352,174,89,5,4099,49
353,401,240,4,3067,81
354,211,23,4,4271,56
355,478,214,2,2850,28
356,104,61,3,4994,42
357,366,181,3,3762,2
358,295,405,1,2953,34
359,247,136,5,4514,55
360,33,222,5,4978,2
361,287,52,3,3957,36
362,95,447,4,2899,21
363,125,223,5,4743,49
364,221,351,4,4204,44
365,408,155,2,3012,84
366,66,16,3,4573,35
367,157,495,5,4473,45
368,247,406,3,4598,63
369,295,212,3,4798,95
370,229,19,1,3924,4
371,313,385,2,3373,3
372,91,404,2,4291,35
373,458,261,4,3308,12
374,122,302,4,4677,64
375,185,354,3,4042,75
376,99,495,5,4113,82
377,470,351,3,3534,99
378,232,93,4,4608,35
379,1,365,4,3319,34
380,191,407,2,4020,87
381,49,173,1,2176,26
382,254,12,5,3250,59
383,66,211,4,4869,35
384,212,227,5,2243,19
385,326,274,4,3158,37
386,298,125,3,3635,54
387,383,133,1,2867,48
388,412,129,5,2337,42
389,142,65,2,3223,85
390,136,391,1,3108,81
391,182,214,5,4324,86
392,226,401,1,2397,30
393,460,230,2,2246,92
394,486,225,1,3044,44
395,110,193,4,2569,31
396,124,413,4,3710,81
397,42,212,1,2111,1
398,85,56,5,4730,39
399,131,3,1,3054,5
400,279,464,1,2985,100
401,411,239,1,4716,53
402,122,285,5,3956,40
403,13,406,2,3104,45
404,383,435,2,3666,87
405,311,254,2,3771,9
406,351,342,1,3967,4
407,46,492,5,4037,96
408,135,366,5,4663,56
409,29,239,5,3145,13
410,346,307,5,3603,79
411,477,334,4,4794,65
412,115,225,3,4553,5
413,124,279,5,3795,59
414,141,223,3,4086,30
415,162,283,4,2820,47
416,214,173,1,3052,9
417,280,62,5,4696,41
418,289,354,2,4683,66
419,338,139,3,4436,92
420,10,28,4,4477,22
421,269,256,2,4995,14
422,31,67,1,3858,39
423,234,220,4,2419,47
424,55,60,3,4130,25
425,35,82,3,3324,33
426,341,14,1,4915,4
427,213,176,4,2383,60
428,112,369,1,4710,4
429,453,345,3,2876,90
430,31,325,1,2318,67
431,199,463,4,2376,71
432,241,434,4,2255,85
433,336,483,5,4199,70
434,415,286,2,2414,16
435,197,85,2,4875,89
436,33,158,5,4947,60
437,201,188,-5,4668,62
438,172,297,5,3236,30
439,105,361,5,2143,33
440,356,257,4,2436,6
441,232,489,1,2157,84
442,368,500,1,4210,11
443,300,45,3,4908,34
444,99,214,4,4967,61
445,262,392,4,2922,12
446,312,108,2,2581,13
447,257,469,3,2520,24
448,19,161,5,2969,65
449,405,445,2,4999,41
450,48,458,-2,4629,55
451,404,427,2,4341,53
452,460,482,1,2457,88
453,250,146,2,3339,54
454,85,376,2,3117,63
455,116,400,4,3946,48
456,64,169,2,3596,67
457,389,446,5,3084,59
458,257,376,3,2239,71
459,312,181,3,3823,20
460,480,313,4,3499,94
461,268,9,5,2849,59
462,406,339,3,4843,44
463,458,146,3,2501,92
464,339,52,4,4107,82
465,492,429,3,4874,71
466,62,13,4,2737,0
467,337,354,2,3457,79
468,216,175,1,3388,43
469,63,98,1,4535,53
470,368,316,1,2542,45
471,498,397,4,2162,36
472,153,235,5,4662,7
473,260,90,5,3178,78
474,83,405,3,2213,60
475,435,128,3,4844,31
476,59,71,3,3877,47
477,213,216,3,3928,87
478,22,267,5,2216,1
479,187,317,3,3060,22
480,327,104,1,3181,15
481,7,176,5,4450,89
482,123,227,4,4965,25
483,280,422,3,2879,94
484,328,255,3,4443,66
485,301,109,-3,4154,25
486,2,367,2,4086,31
487,317,251,2,4934,61
488,383,228,5,2074,41
489,377,112,4,2056,25
490,342,256,2,2897,76
491,228,333,2,4295,14
492,136,322,2,2547,82
493,351,136,2,4187,88
494,334,108,3,3794,81
495,493,406,3,2088,18
496,446,219,4,3071,9
497,122,287,4,4070,59
498,36,81,3,3117,31
499,189,446,2,2534,38
500,326,344,5,4010,93
